model,config,temperature,top_p,prompt_id,load_time_sec,eval_count,elapsed_sec,tokens_per_sec
llama3.2:3b,Low_Temp,0.1,0.9,P1_Logic,1.056,153,2.5,110.81
llama3.2:3b,Low_Temp,0.1,0.9,P2_Code,0.001,139,1.33,109.18
llama3.2:3b,Low_Temp,0.1,0.9,P3_Cybersecurity,0.001,550,4.91,113.38
llama3.2:3b,Low_Temp,0.1,0.9,P4_Systems,0.001,282,2.54,113.5
llama3.2:3b,Low_Temp,0.1,0.9,P5_FailureTest,0.001,1446,13.19,110.07
llama3.2:3b,High_Temp,1.0,0.9,P1_Logic,0.001,185,1.64,115.29
llama3.2:3b,High_Temp,1.0,0.9,P2_Code,0.001,355,3.12,114.69
llama3.2:3b,High_Temp,1.0,0.9,P3_Cybersecurity,0.001,680,6.04,113.64
llama3.2:3b,High_Temp,1.0,0.9,P4_Systems,0.001,321,2.87,114.31
llama3.2:3b,High_Temp,1.0,0.9,P5_FailureTest,0.002,232,2.1,114.26
llama3.2:3b,Strict_Sampling,0.7,0.5,P1_Logic,0.001,155,1.38,114.71
llama3.2:3b,Strict_Sampling,0.7,0.5,P2_Code,0.001,328,2.94,113.65
llama3.2:3b,Strict_Sampling,0.7,0.5,P3_Cybersecurity,0.002,766,6.84,112.89
llama3.2:3b,Strict_Sampling,0.7,0.5,P4_Systems,0.001,310,2.79,113.93
llama3.2:3b,Strict_Sampling,0.7,0.5,P5_FailureTest,0.001,437,3.9,113.67
qwen2.5:7b,Low_Temp,0.1,0.9,P1_Logic,1.833,306,7.33,57.51
qwen2.5:7b,Low_Temp,0.1,0.9,P2_Code,0.002,293,5.22,57.31
qwen2.5:7b,Low_Temp,0.1,0.9,P3_Cybersecurity,0.001,672,11.88,57.04
qwen2.5:7b,Low_Temp,0.1,0.9,P4_Systems,0.001,127,2.38,57.03
qwen2.5:7b,Low_Temp,0.1,0.9,P5_FailureTest,0.001,321,5.66,57.78
qwen2.5:7b,High_Temp,1.0,0.9,P1_Logic,0.001,348,6.17,57.41
qwen2.5:7b,High_Temp,1.0,0.9,P2_Code,0.001,285,5.04,57.72
qwen2.5:7b,High_Temp,1.0,0.9,P3_Cybersecurity,0.001,601,10.69,56.74
qwen2.5:7b,High_Temp,1.0,0.9,P4_Systems,0.001,194,3.51,55.77
qwen2.5:7b,High_Temp,1.0,0.9,P5_FailureTest,0.001,372,6.7,56.38
qwen2.5:7b,Strict_Sampling,0.7,0.5,P1_Logic,0.001,389,7.02,56.28
qwen2.5:7b,Strict_Sampling,0.7,0.5,P2_Code,0.001,197,3.57,56.89
qwen2.5:7b,Strict_Sampling,0.7,0.5,P3_Cybersecurity,0.001,559,10.27,55.01
qwen2.5:7b,Strict_Sampling,0.7,0.5,P4_Systems,0.001,135,2.47,57.01
qwen2.5:7b,Strict_Sampling,0.7,0.5,P5_FailureTest,0.001,322,5.94,55.17
hf-qwen:latest,Low_Temp,0.1,0.9,P1_Logic,0.772,242,2.16,186.02
hf-qwen:latest,Low_Temp,0.1,0.9,P2_Code,0.001,560,3.1,183.12
hf-qwen:latest,Low_Temp,0.1,0.9,P3_Cybersecurity,0.001,721,3.89,187.09
hf-qwen:latest,Low_Temp,0.1,0.9,P4_Systems,0.002,63,0.45,193.36
hf-qwen:latest,Low_Temp,0.1,0.9,P5_FailureTest,0.001,252,1.36,190.85
hf-qwen:latest,High_Temp,1.0,0.9,P1_Logic,0.001,378,2.06,187.28
hf-qwen:latest,High_Temp,1.0,0.9,P2_Code,0.001,440,2.51,178.12
hf-qwen:latest,High_Temp,1.0,0.9,P3_Cybersecurity,0.001,557,3.16,178.67
hf-qwen:latest,High_Temp,1.0,0.9,P4_Systems,0.001,131,0.74,182.64
hf-qwen:latest,High_Temp,1.0,0.9,P5_FailureTest,0.001,182,1.04,182.53
hf-qwen:latest,Strict_Sampling,0.7,0.5,P1_Logic,0.001,312,1.87,171.12
hf-qwen:latest,Strict_Sampling,0.7,0.5,P2_Code,0.001,478,2.7,180.0
hf-qwen:latest,Strict_Sampling,0.7,0.5,P3_Cybersecurity,0.001,385,2.2,178.41
hf-qwen:latest,Strict_Sampling,0.7,0.5,P4_Systems,0.001,112,0.64,182.77
