Model,Config,Prompt,Tokens_per_sec,Elapsed_sec
llama3.2:3b,Low_Temp,P1_Logic,82.20,95.37
llama3.2:3b,Low_Temp,P2_Code,83.73,1.71
llama3.2:3b,Low_Temp,P3_Cybersecurity,81.70,8.00
llama3.2:3b,Low_Temp,P4_Systems,81.96,3.65
llama3.2:3b,Low_Temp,P5_FailureTest,0.00,120.00
llama3.2:3b,High_Temp,P1_Logic,74.48,5.31
llama3.2:3b,High_Temp,P2_Code,74.99,1.95
llama3.2:3b,High_Temp,P3_Cybersecurity,73.70,7.65
llama3.2:3b,High_Temp,P4_Systems,74.07,4.36
llama3.2:3b,High_Temp,P5_FailureTest,73.01,4.79
llama3.2:3b,Strict_Sampling,P1_Logic,72.97,2.17
llama3.2:3b,Strict_Sampling,P2_Code,72.30,3.80
llama3.2:3b,Strict_Sampling,P3_Cybersecurity,72.24,9.05
llama3.2:3b,Strict_Sampling,P4_Systems,71.04,3.53
llama3.2:3b,Strict_Sampling,P5_FailureTest,0.00,120.00
qwen2.5:7b,Low_Temp,P1_Logic,14.34,74.18
qwen2.5:7b,Low_Temp,P2_Code,33.28,6.34
qwen2.5:7b,Low_Temp,P3_Cybersecurity,32.74,19.60
qwen2.5:7b,Low_Temp,P4_Systems,33.25,4.15
qwen2.5:7b,Low_Temp,P5_FailureTest,0.00,120.00
qwen2.5:7b,High_Temp,P1_Logic,29.56,13.12
qwen2.5:7b,High_Temp,P2_Code,29.30,10.46
qwen2.5:7b,High_Temp,P3_Cybersecurity,28.43,25.23
qwen2.5:7b,High_Temp,P4_Systems,28.41,6.03
qwen2.5:7b,High_Temp,P5_FailureTest,28.46,12.32
qwen2.5:7b,Strict_Sampling,P1_Logic,28.74,13.66
qwen2.5:7b,Strict_Sampling,P2_Code,29.00,7.25
qwen2.5:7b,Strict_Sampling,P3_Cybersecurity,28.81,26.01
qwen2.5:7b,Strict_Sampling,P4_Systems,28.91,4.82
qwen2.5:7b,Strict_Sampling,P5_FailureTest,28.61,11.60
hf-qwen:latest,Low_Temp,P1_Logic,123.79,8.30
hf-qwen:latest,Low_Temp,P2_Code,126.44,4.15
hf-qwen:latest,Low_Temp,P3_Cybersecurity,124.45,4.79
hf-qwen:latest,Low_Temp,P4_Systems,126.68,1.21
hf-qwen:latest,Low_Temp,P5_FailureTest,0.00,120.00
hf-qwen:latest,High_Temp,P1_Logic,126.26,2.83
hf-qwen:latest,High_Temp,P2_Code,124.74,3.87
hf-qwen:latest,High_Temp,P3_Cybersecurity,126.13,2.69
hf-qwen:latest,High_Temp,P4_Systems,127.32,1.28
hf-qwen:latest,High_Temp,P5_FailureTest,0.00,120.00
hf-qwen:latest,Strict_Sampling,P1_Logic,125.98,2.21
hf-qwen:latest,Strict_Sampling,P2_Code,125.98,3.99
hf-qwen:latest,Strict_Sampling,P3_Cybersecurity,126.32,5.46
hf-qwen:latest,Strict_Sampling,P4_Systems,128.14,1.12
hf-qwen:latest,Strict_Sampling,P5_FailureTest,0.00,120.00